ID	Target	Tweet	Stance	Date
1	machines	Texas voting machines changing straight-party selections	AGAINST	2018-10-26 00:38:32
2	machines	Texas voting machines changing straight-party selections	AGAINST	2018-10-26 00:38:32
3	machines	Texas ask for paper ballot	NONE	2018-10-26 23:07:28
4	machines	Texas voting machines changing straight-party selections	AGAINST	2018-10-26 00:38:32
5	machines	Texas voting machines changing straight-party selections	AGAINST	2018-10-26 00:38:32
6	machines	Texas voting machines changing straight-party selections	AGAINST	2018-10-26 00:38:32
7	machines	Texas voting machines changing straight-party selections	AGAINST	2018-10-26 00:38:32
8	machines	Texas voting machines changing straight-party selections	AGAINST	2018-10-26 00:38:32
9	machines	Texas is in desperate need to hand marked paper ballots and optical scanners	NONE	2018-10-26 23:29:23
10	machines	Texas voting machines changing straight-party selections	AGAINST	2018-10-26 00:38:32
11	machines	Texas voting machines changing straight-party selections	AGAINST	2018-10-26 00:38:32
12	machines	WHO is behind programming Texas voting machines to change Beto votes to Cruz votes	AGAINST	2018-10-26 23:25:59
13	machines	Texas voting machines changing straight-party selections	AGAINST	2018-10-26 00:38:32
14	machines	Texas voting machines changing straight-party selections	AGAINST	2018-10-26 00:38:32
15	machines	programming voting machines to change Democratic votes to Republican Texas vote and paper ballots need to replace digital	AGAINST	2018-10-26 23:19:22
16	machines	Texas voting machines changing straight-party selections	AGAINST	2018-10-26 00:38:32
17	machines	TEXAS are multiple reports of machines	AGAINST	2018-10-26 23:17:57
18	machines	Texas voting machines changing straight-party selections	AGAINST	2018-10-26 00:38:32
19	machines	Texas voting machines changing straight-party selections	AGAINST	2018-10-26 00:38:32
20	machines	Texas voting machines changing straight-party selections	AGAINST	2018-10-26 00:38:32
21	machines	texas voting machines	NONE	2018-10-26 04:34:04
22	machines	Texas voting machine thing is real through looking glass shit and done with reality	AGAINST	2018-10-26 23:09:52
23	machines	Texas Voting Machine Glitch Switches Votes to Opposing Party	AGAINST	2018-10-26 23:09:17
24	machines	Texas ask for paper ballot	NONE	2018-10-26 23:07:28
25	machines	TEXAS VOTE VOTEBLUE BETO Texans say machines are flipping selections to other party	AGAINST	2018-10-26 23:07:04
26	machines	Texas voting machines changing straight-party selections	AGAINST	2018-10-26 00:38:32
27	machines	Texas voting machines changing straight-party selections	AGAINST	2018-10-26 00:38:32
28	machines	Texas voting machines changing straight-party selections	AGAINST	2018-10-26 00:38:32
29	machines	Texas voting machines are changing votes for Beto O'Rourke to Russian Operative	AGAINST	2018-10-26 22:56:31
30	machines	Texas voting machines changing straight-party selections	AGAINST	2018-10-26 00:38:32
31	machines	When comes to voting machines and registration Texas is messed on own	AGAINST	2018-10-26 22:53:33
32	machines	Texas voting machines changing straight-party selections	AGAINST	2018-10-26 00:38:32
33	machines	Texas voting machines changing straight-party selections	AGAINST	2018-10-26 00:38:32
34	machines	Texas voting machines changing straight-party selections	AGAINST	2018-10-26 00:38:32
35	machines	Texas voting machines changing straight-party selections	AGAINST	2018-10-26 00:38:32
36	machines	Texas voting machines	NONE	2018-10-26 00:47:02
37	machines	Texas voting machines are changing straight ticket votes and 2014 may have been last fair election	AGAINST	2018-10-26 22:47:12
38	machines	Texas voting machines changing straight-party selections	AGAINST	2018-10-26 00:38:32
39	machines	Texas Voting Machine Malfunction	AGAINST	2018-10-26 19:15:11
40	machines	Texas voting machines changing straight-party selections	AGAINST	2018-10-26 00:38:32
41	machines	Texas voting machines changing straight-party selections	AGAINST	2018-10-26 00:38:32
42	machines	Texas Voting Machine Malfunction	AGAINST	2018-10-26 19:15:11
43	machines	Texas Voting Machine Malfunction	AGAINST	2018-10-26 19:15:11
44	machines	Texas voting machines changing straight-party selections	AGAINST	2018-10-26 00:38:32
45	machines	Texas voting machines changing straight-party selections	AGAINST	2018-10-26 00:38:32
46	machines	Texas Voting Machine Malfunction	AGAINST	2018-10-26 19:15:11
47	machines	Texas voting machines changing straight-party selections	FAVAGAINSTOR	2018-10-26 00:38:32
48	machines	Texas voting machines changing straight-party selections	AGAINST	2018-10-26 00:38:32
49	machines	Texas voting machines changing straight-party selections	AGAINST	2018-10-26 00:38:32
50	machines	Texas Voting Machines Changing Straight-Party Votes	AGAINST	2018-10-26 15:24:06
51	machines	Texas voting machines changing straight-party selections	AGAINST	2018-10-26 00:38:32
52	machines	Texas voting machines changing straight-party selections	AGAINST	2018-10-26 00:38:32
53	machines	Texas voting machines changing straight-party selections	AGAINST	2018-10-26 00:38:32
54	machines	Texas voting machines charging votes	AGAINST	2018-10-26 22:03:27
55	machines	Texas Voting Machines Are Changing Votes For Beto O'Rourke To Ted Cruz POLITICUSUSA	AGAINST	2018-10-26 22:02:58
56	machines	Texas voting machines changing straight-party selections	AGAINST	2018-10-26 00:38:32
57	machines	Texas Voting Machines Now	AGAINST	2018-10-26 21:58:54
58	machines	Texas Voting Machine Malfunction Changing O'Rourke Votes To Cruz UnitedStates	AGAINST	2018-10-26 21:58:23
59	machines	Texas voting machines changing straight-party selections	AGAINST	2018-10-26 00:38:32
60	machines	Texas voting machines changing straight-party selections	AGAINST	2018-10-26 00:38:32
61	machines	Texas voting machines changing straight-party selections	AGAINST	2018-10-26 00:38:32
62	machines	Texas voting machines changing straight-party selections	AGAINST	2018-10-26 00:38:32
63	machines	Texas voting machines changing straight-party selections	AGAINST	2018-10-26 00:38:32
64	machines	Texas voting machines changing straight-party selections	AGAINST	2018-10-26 00:38:32
65	machines	Texas voting machines future is in hand	AGAINST	2018-10-26 21:46:18
66	machines	Texas voting machines switching votes	AGAINST	2018-10-26 21:45:19
67	machines	Texas voting machines changing straight-party selections	AGAINST	2018-10-26 00:38:32
68	machines	Texas voting machines changing straight-party selections	AGAINST	2018-10-26 00:38:32
69	machines	Texas voting machines changing straight-party selections	AGAINST	2018-10-26 00:38:32
70	machines	Texas voting machines changing straight-party selections	AGAINST	2018-10-26 00:38:32
71	machines	Texas voting machines changing straight-party selections	AGAINST	2018-10-26 00:38:32
72	machines	Texas voting machines changing straight-party selections	AGAINST	2018-10-26 00:38:32
73	machines	Texas voting machines changing straight-party selections	AGAINST	2018-10-26 00:38:32
74	machines	Texas voting machines changing straight-party selections	AGAINST	2018-10-26 00:38:32
75	machines	Democratic voters must speak against voter suppression Texas voting machines changing straight-party selections DNC and in TX	FAVOR	2018-10-26 21:21:29
76	machines	Texas voting machines changing straight-party selections	AGAINST	2018-10-26 00:38:32
77	machines	Texas voting machines changing straight-party selections	AGAINST	2018-10-26 00:38:32
78	machines	Texas voting machines changing straight-party selections	AGAINST	2018-10-26 00:38:32
79	machines	Texas voting machines changing straight-party selections	AGAINST	2018-10-26 00:38:32
80	machines	Texas voting machines changing straight-party selections	AGAINST	2018-10-26 00:38:32
81	machines	Texas voting machines changing straight-party selections	AGAINST	2018-10-26 00:38:32
82	machines	Texas voting machines changing straight-party selections	AGAINST	2018-10-26 00:38:32
83	machines	Texas voting machines changing straight-party selections	AGAINST	2018-10-26 00:38:32
84	machines	Texas voting machines changing straight-party selections	AGAINST	2018-10-26 00:38:32
85	machines	Texas voting machines changing straight-party selections	AGAINST	2018-10-26 00:38:32
86	machines	Texas voting machines changing straight-party selections	AGAINST	2018-10-26 00:38:32
87	machines	Texas voting machines changing straight-party selections	AGAINST	2018-10-26 00:38:32
88	machines	Texas voting machines changing straight-party selections	AGAINST	2018-10-26 00:38:32
89	machines	Texas voting machines VOTER TRIES VOTE FOR DEM AGAIN	AGAINST	2018-10-26 20:53:46
90	machines	Texas voting machines changing straight-party selections	AGAINST	2018-10-26 00:38:32
91	machines	Texas voting machines changing straight-party selections	AGAINST	2018-10-26 00:38:32
92	machines	Texas voting machines changing straight-party selections	AGAINST	2018-10-26 00:38:32
93	machines	Texas voting machines changing straight-party selections	AGAINST	2018-10-26 00:38:32
94	machines	Texas Voting Machine Malfunction	AGAINST	2018-10-26 19:15:11
95	machines	Texas voting machines changing straight-party selections	AGAINST	2018-10-26 00:38:32
96	machines	Texas voting machines changing straight-party selections	AGAINST	2018-10-26 00:38:32
97	machines	Texas voting machines changing straight-party selections	AGAINST	2018-10-26 00:38:32
98	machines	Texas voting machines changing straight-party selections	AGAINST	2018-10-26 00:38:32
99	machines	Texas Voting Machines Are Changing Votes For Beto O'Rourke To Ted Cruz	AGAINST	2018-10-26 20:47:30
100	machines	Texas voting machines changing straight-party selections	AGAINST	2018-10-26 00:38:32
101	machines	Texas voting machines changing straight-party selections	AGAINST	2018-10-26 00:38:32
102	machines	Texas Voting Machines Are Changing Votes For Beto O’Rourke To Ted Cruz	AGAINST	2018-10-26 20:44:17
103	machines	Texas voting machines changing straight-party selections	AGAINST	2018-10-26 00:38:32
104	machines	Texas voting machines changing straight-party selections	AGAINST	2018-10-26 00:38:32
105	machines	Texas voting machines changing straight-party selections	AGAINST	2018-10-26 00:38:32
106	machines	Texas voting machines changing straight-party selections	AGAINST	2018-10-26 00:38:32
107	machines	Texas voting machines changing straight-party selections	AGAINST	2018-10-26 00:38:32
108	machines	Texas voting machines changing straight-party selections	AGAINST	2018-10-26 00:38:32
109	machines	Texas voting machines changing straight-party selections	AGAINST	2018-10-26 00:38:32
110	machines	Texas voting machines changing straight-party selections	AGAINST	2018-10-26 00:38:32
111	machines	Texas voting machines changing straight-party selections	AGAINST	2018-10-26 00:38:32
112	machines	Texas voting machines changing straight-party selections	AGAINST	2018-10-26 00:38:32
113	machines	Texas voting machines changing straight-party selections	AGAINST	2018-10-26 00:38:32
114	machines	Texas voting machines changing straight-party selections	AGAINST	2018-10-26 00:38:32
115	machines	Texas voting machines changing straight-party selections	AGAINST	2018-10-26 00:38:32
116	machines	Texas voting machines changing straight-party selections	AGAINST	2018-10-26 00:38:32
117	machines	Texas voting machines changing straight-party selections	AGAINST	2018-10-26 00:38:32
118	machines	Texas voting machines changing straight-party selections	AGAINST	2018-10-26 00:38:32
119	machines	Texas voting machines changing straight-party selections	AGAINST	2018-10-26 00:38:32
120	machines	Texas voting machines changing straight-party selections	AGAINST	2018-10-26 00:38:32
121	machines	Texas voting machines changing straight-party selections	AGAINST	2018-10-26 00:38:32
122	machines	Texas voting machines changing straight-party selections	AGAINST	2018-10-26 00:38:32
123	machines	Texas Voting Machines Changing Straight-Party Selections	AGAINST	2018-10-26 19:55:42
124	machines	Texas voting machines	AGAINST	2018-10-26 00:47:02
125	machines	Texas voting machines changing straight-party selections	AGAINST	2018-10-26 00:38:32
126	machines	Texas voting machines changing straight-party selections	AGAINST	2018-10-26 00:38:32
127	machines	Texas has voting machines changing from Beto to Cruz	AGAINST	2018-10-26 19:50:41
128	machines	Texas voting machines changing straight-party selections	AGAINST	2018-10-26 00:38:32
129	machines	Texas voting machines changing straight-party selections	AGAINST	2018-10-26 00:38:32
130	machines	Texas voting machines changing straight-party selections	AGAINST	2018-10-26 00:38:32
131	machines	Texas voting machines changing straight-party selections	AGAINST	2018-10-26 00:38:32
132	machines	Texas voting machines changing straight-party selections	AGAINST	2018-10-26 00:38:32
133	machines	Texas voting machines	AGAINST	2018-10-26 00:47:02
134	machines	Texas voting machines changing straight-party selections	AGAINST	2018-10-26 00:38:32
135	machines	Texas voting machines changing straight-party selections tytlive	AGAINST	2018-10-26 19:35:19
136	machines	Texas voting machines changing straight-party selections	AGAINST	2018-10-26 00:38:32
137	machines	Texas voting machines changing straight-party selections	AGAINST	2018-10-26 00:38:32
138	machines	Texas voting machines changing straight-party selections	AGAINST	2018-10-26 00:38:32
139	machines	Texas voting machines changing straight-party selections	AGAINST	2018-10-26 00:38:32
140	machines	TexasVotes VoterSuppression electiontampering CruzFraud Beto4Texas Texas voting machines changing straight-party selections	AGAINST	2018-10-26 19:25:19
141	machines	machines are erroneously or selecting Senate candidate at changing straight-party selections on ballots Texas voting machines changing straight-party selections to include candidate from opposite party	AGAINST	2018-10-26 19:23:12
142	machines	Texas voting machines changing straight-party selections	AGAINST	2018-10-26 00:38:32
143	machines	Texas voting machines changing straight-party selections	AGAINST	2018-10-26 00:38:32
144	machines	Texas voting machines changing straight-party selections	AGAINST	2018-10-26 00:38:32
145	machines	Texas voting machines	AGAINST	2018-10-26 00:47:02
146	machines	Texas Voting Machine Malfunction	AGAINST	2018-10-26 19:15:11
147	machines	Texas voting machines changing straight-party selections	AGAINST	2018-10-26 00:38:32
148	machines	Texas voting machines changing straight-party selections	AGAINST	2018-10-26 00:38:32
149	machines	Texas voting machines changing straight-party selections	AGAINST	2018-10-26 00:38:32
150	machines	Texas voting machines changing straight-party selections	AGAINST	2018-10-26 00:38:32
151	machines	Texas voting machines	AGAINST	2018-10-26 00:47:02
152	machines	Texas voting machines changing straight-party selections	AGAINST	2018-10-26 00:38:32
153	machines	Texas voting machines changing straight-party selections	AGAINST	2018-10-26 00:38:32
154	machines	Texas voting machines changing straight-party selections	AGAINST	2018-10-26 00:38:32
155	machines	Texas voting machines changing straight-party selections	AGAINST	2018-10-26 00:38:32
156	machines	Texas voting machines changing straight-party selections	AGAINST	2018-10-26 00:38:32
157	machines	Texas voting machines changing straight-party selections	AGAINST	2018-10-26 00:38:32
158	machines	Texas voting machines changing straight-party selections	AGAINST	2018-10-26 00:38:32
159	machines	Texas voting machines	AGAINST	2018-10-26 00:47:02
160	machines	Texas voting machines changing straight-party selections	AGAINST	2018-10-26 00:38:32
161	machines	Texas voting machines changing straight-party selections	AGAINST	2018-10-26 00:38:32
162	machines	Texas voting machines changing straight-party selections	AGAINST	2018-10-26 00:38:32
163	machines	Texas is complaining of problems with machines	AGAINST	2018-10-26 18:35:41
164	machines	Texas voting machines changing straight-party selections	AGAINST	2018-10-26 00:38:32
165	machines	Texas voting machines changing straight-party selections	AGAINST	2018-10-26 00:38:32
166	machines	Texas voting machines changing straight-party selections	AGAINST	2018-10-26 00:38:32
167	machines	Texas voting machines changing straight-party selections	AGAINST	2018-10-26 00:38:32
168	machines	Texas voting machines changing straight-party selections	AGAINST	2018-10-26 00:38:32
169	machines	Texas voting machines changing straight-party selections	AGAINST	2018-10-26 00:38:32
170	machines	Texas voting machines in nutshell	FAVOR	2018-10-26 18:24:08
171	machines	Texas voting machines changing straight-party selections	AGAINST	2018-10-26 00:38:32
172	machines	Texas voting machines changing straight-party selections	AGAINST	2018-10-26 00:38:32
173	machines	Texas voting machines changing straight-party selections	AGAINST	2018-10-26 00:38:32
174	machines	Texas voting machines reversing voters	AGAINST	2018-10-26 18:17:38
175	machines	Texas voting machines	AGAINST	2018-10-26 00:47:02
176	machines	Texas voting machines are changing votes to voters	AGAINST	2018-10-26 18:10:20
177	machines	Texas knew about voting machines switching votes	AGAINST	2018-10-26 18:06:54
178	machines	Texas voting machine issues	AGAINST	2018-10-26 03:45:57
179	machines	Texas voting machines changing straight-party selections	AGAINST	2018-10-26 00:38:32
180	machines	Texas voting machines changing straight-party selections	AGAINST	2018-10-26 00:38:32
181	machines	Texas voting machines	AGAINST	2018-10-26 00:47:02
182	machines	Texas voting machines changing straight-party selections	AGAINST	2018-10-26 00:38:32
183	machines	Texas voting machines changing straight-party selections	AGAINST	2018-10-26 00:38:32
184	machines	Texas voting machines changing straight-party selections	AGAINST	2018-10-26 00:38:32
185	machines	Texas voting machines changing straight-party selections	AGAINST	2018-10-26 00:38:32
186	machines	Texas voting machines changing straight-party selections	AGAINST	2018-10-26 00:38:32
187	machines	Texas voting machines changing selections to Republican Use cellphones to take pic of ballot before you put in machine	AGAINST	2018-10-26 17:23:07
188	machines	Texas voting machines changing straight-party selections	AGAINST	2018-10-26 00:38:32
189	machines	⁦ ⁩ is getting votes Texas voting machines changing straight-party selections	AGAINST	2018-10-26 17:19:42
190	machines	Texas voting machines changing selection to vote for Cruz	AGAINST	2018-10-26 17:15:19
191	machines	texas voting machines	NONE	2018-10-26 04:34:04
192	machines	Texas voting machines changing straight-party selections	AGAINST	2018-10-26 00:38:32
193	machines	Texas voting machines changing straight-party selections	AGAINST	2018-10-26 00:38:32
194	machines	Texas voting machines are changing votes to Ted Cruz	AGAINST	2018-10-26 17:01:04
195	machines	Texas voting machines changing straight-party selections	AGAINST	2018-10-26 00:38:32
196	machines	Texas voting machines changing straight-party selections	AGAINST	2018-10-26 00:38:32
197	machines	votes being flipped in TEXAS Texas voting machines changing straight-party selections	AGAINST	2018-10-26 16:49:25
198	machines	Texas is on ROLL	NONE	2018-10-26 16:45:36
199	machines	Texas voting machines changing straight-party selections	AGAINST	2018-10-26 00:38:32
200	machines	Texas voting machines changing straight-party votes	AGAINST	2018-10-26 16:44:49
201	machines	Texas voting machines changing straight-party selections	AGAINST	2018-10-26 00:38:32
202	machines	Texas voting machines changing straight-party selections	AGAINST	2018-10-26 00:38:32
203	machines	Texas voting machines changing straight-party selections	AGAINST	2018-10-26 00:38:32
204	machines	Texas Is Turning Blue	AGAINST	2018-10-26 16:33:06
205	machines	Texas voting machines changing straight-party selections	AGAINST	2018-10-26 00:38:32
206	machines	Texas voting machines changing straight-party selections Hill ⁦ ⁩	AGAINST	2018-10-26 16:30:10
207	machines	Texas voting machines changing straight-party selections	AGAINST	2018-10-26 00:38:32
208	machines	Texas voting machines changing straight-party selections	AGAINST	2018-10-26 00:38:32
209	machines	Texas pay attention at machine	NONE	2018-10-26 16:18:27
210	machines	Texas voting machines changing straight-party selections	AGAINST	2018-10-26 00:38:32
211	machines	Texas voting machines changing straight-party selections	AGAINST	2018-10-26 00:38:32
212	machines	Texas voting machines changing straight-party selections	AGAINST	2018-10-26 00:38:32
213	machines	Texas voting machines changing straight-party selections	AGAINST	2018-10-26 00:38:32
214	machines	Texas voting machines changing straight-party selections	AGAINST	2018-10-26 00:38:32
215	machines	Texas voting machines changing straight-party selections	AGAINST	2018-10-26 00:38:32
216	machines	Texas voting machines changing straight-party selections	AGAINST	2018-10-26 00:38:32
217	machines	Texas voting machines changing straight-party selections | TheHill	AGAINST	2018-10-26 15:54:55
218	machines	Texas voting machines changing straight-party selections	AGAINST	2018-10-26 00:38:32
219	machines	Texas voting machines changing straight-party selections	AGAINST	2018-10-26 00:38:32
220	machines	Texas voting machines changing straight-party selections	AGAINST	2018-10-26 00:38:32
221	machines	Texas voting machines changing straight-party selections	AGAINST	2018-10-26 00:38:32
222	machines	Texas voting machines changing straight-party selections	AGAINST	2018-10-26 00:38:32
223	machines	WHAT IS BEING DONE ABOUT VOTER FRAUD Texas voting machines changing straight-party selections	AGAINST	2018-10-26 15:46:00
224	machines	Texas voting machines changing straight-party selections	AGAINST	2018-10-26 00:38:32
225	machines	Texas voting machines changing straight-party selections	AGAINST	2018-10-26 00:38:32
226	machines	Texas voting machines changing straight-party selections	AGAINST	2018-10-26 00:38:32
227	machines	Texas voting machines changing straight-party selections	AGAINST	2018-10-26 00:38:32
228	machines	Texas voting machines changing straight-party selections	AGAINST	2018-10-26 00:38:32
229	machines	Texas voting machines changing straight-party selections	AGAINST	2018-10-26 00:38:32
230	machines	Texas voting machines changing straight-party selections	AGAINST	2018-10-26 00:38:32
231	machines	Texas voting machines changing straight-party selections	AGAINST	2018-10-26 00:38:32
232	machines	Texas voting machines are designed and prone to user error that can result in inaccurate ballots	AGAINST	2018-10-26 15:30:20
233	machines	Texas Voting Machines Changing Straight-Party Votes	AGAINST	2018-10-26 15:24:06
234	machines	Texas voting machines selecting Ted Cruz you select Democratic Party Straight Party option	AGAINST	2018-10-26 15:26:50
235	machines	Texas Voting Machines Changing Straight-Party Votes	AGAINST	2018-10-26 15:24:06
236	machines	texas is not glitch in error	AGAINST	2018-10-26 15:13:45
237	machines	Texas voting machines changing straight ticket votes NONE OF YOU SHOULD BE VOTING TICKET	AGAINST	2018-10-26 15:13:29
238	machines	Texas voting machines changing straight-party selections	AGAINST	2018-10-26 00:38:32
239	machines	BetoDaysAreComing Texas Ck correction Texas voting machines changing Beto votes for Cruz	AGAINST	2018-10-26 14:34:37
240	machines	Texas voting machines changing straight-party selections	AGAINST	2018-10-26 00:38:32
241	machines	Texas voting machines	AGAINST	2018-10-26 00:47:02
242	machines	Texas voting machines changing straight-party selections	AGAINST	2018-10-26 00:38:32
243	machines	Texas voting machines changing straight-party selections	AGAINST	2018-10-26 00:38:32
244	machines	Texas voting machines changing straight-party selections	AGAINST	2018-10-26 00:38:32
245	machines	Texas voting machines changing straight-party selections	AGAINST	2018-10-26 00:38:32
246	machines	Texas voting machines changing straight-party selections	AGAINST	2018-10-26 00:38:32
247	machines	Texas voting machines changing straight-party selections	AGAINST	2018-10-26 00:38:32
248	machines	Texas voting machines changing Beto votes to Cruz	AGAINST	2018-10-26 12:11:09
249	machines	Texas is having machine	AGAINST	2018-10-26 12:03:39
250	machines	Texas voting machines changing straight-party selections	AGAINST	2018-10-26 00:38:32
251	machines	Texas voting machines changing straight-party selections	AGAINST	2018-10-26 00:38:32
252	machines	Texas voting machines changing straight-party selections	AGAINST	2018-10-26 00:38:32
253	machines	Texas BAKED IN voter fraud	NONE	2018-10-26 11:50:36
254	machines	Texas voting machines changing straight-party selections	AGAINST	2018-10-26 00:38:32
255	machines	Texas voting machines are changing senate choice for Democrat straight party votes from Beto O’Rourke to Ted Cruz	AGAINST	2018-10-26 11:39:01
256	machines	Texas voting machines changing straight-party selections	AGAINST	2018-10-26 00:38:32
257	machines	Texas voting machines changing straight-party selections	AGAINST	2018-10-26 00:38:32
258	machines	Ted Cruz is selected as vote for senator Texas voting machines changing straight-party selections	AGAINST	2018-10-26 11:20:57
259	machines	Texas voting machines changing straight-party selections	AGAINST	2018-10-26 00:38:32
260	machines	Texas voting machines changing straight ticket votes	AGAINST	2018-10-26 10:39:41
261	machines	Texas voting machines changing straight-party selections	AGAINST	2018-10-26 00:38:32
262	machines	Texas voting commission has known about this for years	AGAINST	2018-10-26 10:13:38
263	machines	Texas voting machines changing straight-party selections	AGAINST	2018-10-26 00:38:32
264	machines	Texas voting machines	AGAINST	2018-10-26 00:47:02
265	machines	Texas voting machines changing straight-party selections	AGAINST	2018-10-26 00:38:32
266	machines	Texas voting machines changing straight-party selections	AGAINST	2018-10-26 00:38:32
267	machines	Texas voting and are changing votes	NONE	2018-10-26 04:55:14
268	machines	Texas voting machines changing straight-party selections	AGAINST	2018-10-26 00:38:32
269	machines	Texas says user error	NONE	2018-10-26 04:42:39
270	machines	Texas voting machines changing straight-party selections	AGAINST	2018-10-26 00:38:32
271	machines	texas voting machines	AGAINST	2018-10-26 04:34:04
272	machines	Texas voting machines changing straight-party selections	AGAINST	2018-10-26 00:38:32
273	machines	Texas voting machines are changing votes from to Republican	AGAINST	2018-10-26 04:21:24
274	machines	machines are changing votes from to Republican Texas check ballots	AGAINST	2018-10-26 04:19:51
275	machines	Texas voting machines are set do default to Ted Cruz	AGAINST	2018-10-26 04:13:17
276	machines	Texas voting machines changing straight-party selections	AGAINST	2018-10-26 00:38:32
277	machines	Texas voting machines rigged for Lying Ted	AGAINST	2018-10-26 04:05:32
278	machines	Texas voting machines changing straight-party selections	AGAINST	2018-10-26 00:38:32
279	machines	Texas voting machine issues	AGAINST	2018-10-26 03:45:57
280	machines	Texas Voting Machines Election2018	AGAINST	2018-10-26 03:38:25
281	machines	Texas voting machines changing straight-party selections	AGAINST	2018-10-26 00:38:32
282	machines	Texas voting is having issues then TexasVotes is in trouble & shouldn’t be valid unless Texas machines are in proper working order and can be validated	AGAINST	2018-10-26 03:22:37
283	machines	reports being changed to D Texas voting machines	NONE	2018-10-26 03:21:36
284	machines	Texas voting machines changing straight-party selections	AGAINST	2018-10-26 00:38:32
285	machines	Texas heads on machines	AGAINST	2018-10-26 03:19:20
286	machines	Texas voting machines dad was computer programmer	AGAINST	2018-10-26 03:04:44
287	machines	Texas voting machines changing straight-party selections	AGAINST	2018-10-26 00:38:32
288	machines	Texas voting machine screw-ups	AGAINST	2018-10-26 02:52:24
289	machines	Texas voting machines changing straight-party selections	AGAINST	2018-10-26 00:38:32
290	machines	Texas voting machines changing straight-party selections	AGAINST	2018-10-26 00:38:32
291	machines	Texas voting machines changing straight-party selections	AGAINST	2018-10-26 00:38:32
292	machines	Texas voting machines	AGAINST	2018-10-26 00:47:02
293	machines	Texas voting machines changing straight-party selections	AGAINST	2018-10-26 00:38:32
294	machines	texas being Texas	NONE	2018-10-26 00:28:13
295	machines	eHart voting machines were brought into use at turn of century Texas is in desperate need to modernize election systems	AGAINST	2018-10-25 17:23:08
296	machines	Texas Voting on Hart eSlate Machines	AGAINST	2018-10-24 22:06:27
297	machines	Texas check ballots	NONE	2018-10-23 23:16:41
298	machines	Texas has had BLUE district turned RED in recent election	NONE	2018-10-15 13:59:41
299	machines	EL PASO 3RD FL COURT HOUSE VOTING MACHINES	AGAINST	2018-10-15 03:00:10
300	machines	FRAUD VOTING MACHINES TEXAS FAIL pass BILLS	AGAINST	2018-10-10 14:21:03
301	machines	Texas would have fair elections then Raphael Cruz would lose	NONE	2018-10-10 00:21:43
302	machines	Texas is red because of voter suppression	NONE	2018-10-09 09:26:20
303	machines	Machines Are Changing Votes For Beto O'Rourke To Ted Cruz	AGAINST	2018-10-26 23:58:53
304	machines	Machines Are Changing Votes For Beto O’Rourke To Ted Cruz strip voting rights Democratic voters and close polling places in minority neighborhoods	AGAINST	2018-10-26 23:58:20
305	machines	Double check ballot machines are switching votes when people vote straight party	AGAINST	2018-10-26 23:54:10
306	machines	machines recording wrong votes in Texas & Georgia What is being done to correct	AGAINST	2018-10-26 23:46:47
307	machines	machines are changing votes of voters to opposite candidate	AGAINST	2018-10-26 23:43:51
308	machines	Machines Are Changing Votes For Beto O'Rourke To Ted Cruz POLITICUSUSA	AGAINST	2018-10-26 21:12:54
309	machines	Double check votes machines are or removing voters	FAVOR	2018-10-26 23:43:44
310	machines	machines are changing votes from blue to red	AGAINST	2018-10-26 23:09:54
311	machines	machines are stealing votes in Texas	AGAINST	2018-10-26 23:35:37
312	machines	machines are switching votes	AGAINST	2018-10-26 16:41:22
313	machines	machines are switching votes	AGAINST	2018-10-26 16:41:22
314	machines	machines are switching votes to Cruz	AGAINST	2018-10-26 23:30:27
315	machines	Machines Are Changing Votes For Beto O’Rourke To Ted Cruz	AGAINST	2018-10-26 20:41:40
316	machines	machines were changing votes for Kerry into votes for Bush	AGAINST	2018-10-26 23:26:32
317	machines	machines are changing votes	AGAINST	2018-10-26 10:26:28
318	machines	Machines Are Changing Votes For Beto O’Rourke To Ted Cruz	AGAINST	2018-10-26 20:41:40
319	machines	Machines Are Changing Votes For Beto O’Rourke To Ted Cruz	AGAINST	2018-10-26 20:41:40
320	machines	machines are flipping votes in Texas	AGAINST	2018-10-26 23:15:47
321	machines	Machines Are Changing Votes For Beto O'Rourke To Ted Cruz POLITICUSUSA	AGAINST	2018-10-26 21:12:54
322	machines	machines are recording Democratic votes as votes for Ted Cruz	AGAINST	2018-10-26 23:11:48
323	machines	machines are changing votes from blue to red	AGAINST	2018-10-26 23:09:54
324	machines	Machines Switching Democratic Votes to Ted Cruz machines may glitch	AGAINST	2018-10-26 23:09:05
325	machines	Machines are changing votes to Ted Cruz	AGAINST	2018-10-26 23:06:55
326	machines	machines are changing votes from Democrat to Republican	AGAINST	2018-10-26 04:12:37
327	machines	machines are changing votes to Cruz votes	AGAINST	2018-10-26 23:02:13
328	machines	machines are changing votes from to Republican	AGAINST	2018-10-26 04:22:17
329	machines	machines change vote on straight ticket	AGAINST	2018-10-26 22:58:05
330	machines	machines are flipping votes	AGAINST	2018-10-26 05:02:11
331	machines	machines are not correctly votes	AGAINST	2018-10-26 22:54:26
332	machines	machines switching votes on icket choices	AGAINST	2018-10-26 22:49:40
333	machines	Machines Are Switching Votes when Do we need more evidence PAPER HAND-MARKED BALLOTS	AGAINST	2018-10-26 22:45:17
334	machines	Machines Are Changing Votes For BetoORourke To LierTedCruz ⁦ ⁩ VoteBlueToEndThisNightmare	AGAINST	2018-10-26 22:40:39
335	machines	machines RIGGED ProtectTheVote	FAVOR	2018-10-26 22:36:50
336	machines	Republican election officials won't do damned thing machines count straight ticket Democratic vote as vote for Cruz	AGAINST	2018-10-26 22:32:54
337	machines	machines are changing votes and party affiliations for thousands of black voters	AGAINST	2018-10-26 22:31:54
338	machines	machines are switching people's votes	AGAINST	2018-10-26 22:30:57
339	machines	machines switching votes in texas from Beto to Cruz is user error	AGAINST	2018-10-26 22:11:36
340	machines	Tea ask for paper ballot machines rigged to change votes from Democrat to Republican	AGAINST	2018-10-26 22:10:09
341	machines	machines are flipping selections to other party	AGAINST	2018-10-26 20:41:51
342	machines	machines are and assigning them to Republicans	FAVOR	2018-10-26 22:06:50
343	machines	Machines Are Changing Votes For Beto O'Rourke To Ted Cruz POLITICUSUSA	AGAINST	2018-10-26 21:12:54
344	machines	election is being stolen over red states Now of Texas machines are switching votes to Republicans	AGAINST	2018-10-26 22:05:16
345	machines	machines switching votes	AGAINST	2018-10-26 22:02:11
346	machines	Machines Are Switching Votes	AGAINST	2018-10-26 22:02:05
347	machines	machines shouldn't allow automatic same Party voting on ballots	NONE	2018-10-26 21:43:22
348	machines	Machines Are Changing Votes For Beto O’Rourke To Ted Cruz	AGAINST	2018-10-26 20:41:40
349	machines	Machines changing votes in Texas	AGAINST	2018-10-26 02:37:44
350	machines	machines are changing Beto votes to Cruz votes	AGAINST	2018-10-26 13:40:21
351	machines	Machines Are Changing Votes For Beto O’Rourke To Ted Cruz Something needs to be done and FAST	AGAINST	2018-10-26 21:37:33
352	machines	Machines Are Changing Votes For Beto O'Rourke To Ted Cruz POLITICUSUSA	AGAINST	2018-10-26 21:12:54
353	machines	Machines Are Changing Votes For Beto O'Rourke To Ted Cruz POLITICUSUSA	AGAINST	2018-10-26 21:12:54
354	machines	machines are marking Democrat votes to Republican	AGAINST	2018-10-26 21:18:09
355	machines	Machines Are Changing Votes For Beto O'Rourke To Ted Cruz POLITICUSUSA	AGAINST	2018-10-26 21:12:54
356	machines	Machines Are Changing Votes For Beto O'Rourke To Ted Cruz POLITICUSUSA	AGAINST	2018-10-26 21:12:54
357	machines	machines flips vote from Beto to Cruz	AGAINST	2018-10-26 21:06:35
358	machines	machines are flipping selections to other party	AGAINST	2018-10-26 20:41:51
359	machines	Machines Are Changing Votes For Beto O’Rourke To Ted Cruz	AGAINST	2018-10-26 20:41:40
360	machines	Machines Are Changing Votes For Beto O’Rourke To Ted Cruz	AGAINST	2018-10-26 20:41:40
361	machines	Machines Are Changing Votes For Beto O’Rourke To Ted Cruz	AGAINST	2018-10-26 20:41:40
362	machines	People ask for paper ballot machines are changing votes from Democrat to Republican	AGAINST	2018-10-26 21:02:25
363	machines	Machines Are Changing Votes For Beto O’Rourke To Ted Cruz	AGAINST	2018-10-26 20:41:40
364	machines	machines are changing votes from Democrat Republican to please ask for paper ballot	AGAINST	2018-10-26 20:58:48
365	machines	Machines Are Changing Votes For Beto O’Rourke To TedCruz TedCruzVoters BetoO'Rourke	AGAINST	2018-10-26 20:58:04
366	machines	machines change votes from Beto to Cruz	AGAINST	2018-10-26 20:51:45
367	machines	Machines Are Changing Votes For Beto O’Rourke To Ted Cruz	AGAINST	2018-10-26 20:41:40
368	machines	machines are changing votes for Beto O'Rourke to Ted Cruz	AGAINST	2018-10-26 20:49:08
369	machines	Machines Are Changing Votes For Beto O’Rourke To Ted Cruz	AGAINST	2018-10-26 20:41:40
370	machines	Machines Are Changing Votes For Beto O’Rourke To Ted Cruz	AGAINST	2018-10-26 20:41:40
371	machines	Machines Are Changing Votes For Beto O’Rourke To Ted Cruz	AGAINST	2018-10-26 20:41:40
372	machines	machines flipping selections- Here we go again	AGAINST	2018-10-26 20:42:12
373	machines	Machines Are Changing Votes For Beto O’Rourke To Ted Cruz	AGAINST	2018-10-26 20:41:40
374	machines	Machines Are Changing Votes For Beto O’Rourke To Ted Cruz	AGAINST	2018-10-26 20:41:40
375	machines	machines are flipping selections to other party	AGAINST	2018-10-26 20:41:51
376	machines	Machines Are Changing Votes For Beto O’Rourke To Ted Cruz	AGAINST	2018-10-26 20:41:40
377	machines	MACHINES SWAPPING O'ROURKE VOTES TO CRUZ	AGAINST	2018-10-26 20:19:34
378	machines	machines are automatically changing users users who vote blue on ticket votes from Beto to Cruz	AGAINST	2018-10-26 20:11:16
379	machines	machines are changing peoples vote after they enter it in Texas	AGAINST	2018-10-26 20:01:09
380	machines	machines flipped selections to other party for key races	AGAINST	2018-10-26 17:28:26
381	machines	machines changing people's selections from O'Rourke to Cruz in Texas	AGAINST	2018-10-26 19:50:18
382	machines	Machines Are Anti	NONE	2018-10-26 15:36:53
383	machines	machines are switching votes without consent	AGAINST	2018-10-26 19:25:09
384	machines	machines are changing Democratic votes as result of old faulty systems and programming	AGAINST	2018-10-26 19:12:01
385	machines	Machines Are Switching Votes In Ted Cruz-Beto O’Rourke Senate Race	AGAINST	2018-10-26 19:08:18
386	machines	machines are changing people's votes FROM BETO O'ROURKE TO TED CRUZ Can't lawsuit be launched to STOP ELECTION NOW	AGAINST	2018-10-26 19:06:04
387	machines	machines are changing votes from Beto O'Rourke to Ted Cruz Texas voter shows in extreme detail	AGAINST	2018-10-26 19:01:21
388	machines	machines malfunctioning DOUBLE CHECK BALLOT Spring	AGAINST	2018-10-26 18:51:45
389	machines	machines switching votes reported in Georgia and Texas to Republican	AGAINST	2018-10-26 18:47:08
390	machines	machines are erroneously or selecting candidate at changing votes for Rep. Beto O'Rourke Democratic to Republican Sen. Ted Cruz	AGAINST	2018-10-26 18:45:08
391	machines	Machines Switching Democratic Votes to Ted Cruz	AGAINST	2018-10-26 18:40:03
392	machines	machines are changing pick in Cruz-O’Rourke race	AGAINST	2018-10-26 18:36:20
393	machines	texas texasvote BetoForTexas BetoForSenate BetoORourke TexasVotes vote TurnTexasBlue machines are making errors	AGAINST	2018-10-26 18:28:32
394	machines	Democratic Senate choice when selecting Democratic Ticket machines appear to select Ted Cruz as Democratic Senate choice	AGAINST	2018-10-26 18:26:35
395	machines	machines have been recording vote for Cruz when	AGAINST	2018-10-26 18:22:37
396	machines	correct when finalize votes machines r changing votes from blue to red	AGAINST	2018-10-26 18:07:48
397	machines	Machines Are Anti	NONE	2018-10-26 15:36:53
398	machines	MACHINES ARE FLIPPING VOTES FROM BLUE TO RED	AGAINST	2018-10-26 18:00:09
399	machines	machines changing straight-party selections	AGAINST	2018-10-26 17:50:09
400	machines	machines are flipping votes from Beto to Cruz	AGAINST	2018-10-26 17:31:24
401	machines	machines flipped selections to other party for key races	AGAINST	2018-10-26 17:28:26
402	machines	machines are changing votes from to Republican	AGAINST	2018-10-26 04:22:17
403	machines	machines flipped selections to other party for key races Texans Say Voting Machines Changing icket Choices	AGAINST	2018-10-26 17:24:12
404	machines	machines are switching straight-party selections	AGAINST	2018-10-26 17:24:05
405	machines	machines change to ted Cruz	AGAINST	2018-10-26 17:17:05
406	machines	machines choose Ted Cruz	AGAINST	2018-10-26 17:15:40
407	machines	machines are changing votes from to Republican	AGAINST	2018-10-26 04:22:17
408	machines	machines change Beto votes to Cruz	AGAINST	2018-10-26 17:01:10
409	machines	machines are switching votes for Beto to votes for Cruz	AGAINST	2018-10-26 16:50:12
410	machines	machines are switching votes	AGAINST	2018-10-26 16:41:22
411	machines	Machines change votes in Texas	AGAINST	2018-10-26 16:40:18
412	machines	machines are changing votes from to Republican	AGAINST	2018-10-26 04:22:17
413	machines	machines have been deselecting Ted Cruz for Senator	AGAINST	2018-10-26 16:37:42
414	machines	machines are flipping blue votes to red	AGAINST	2018-10-26 16:36:53
415	machines	Electric voting has always been bad idea machines are changing votes	AGAINST	2018-10-26 16:30:14
416	machines	machines are changing votes in Texas too	AGAINST	2018-10-26 16:17:11
417	machines	Who is stealing votes away from Democratic candidates machines are changing straight party votes	FAVOR	2018-10-26 16:14:01
418	machines	machines are set to change Beto votes to Cruz	AGAINST	2018-10-26 16:00:34
419	machines	machines used in Travis County Texas	AGAINST	2018-10-26 15:40:05
420	machines	Machines Are Anti	NONE	2018-10-26 15:36:53
421	machines	machines are changing votes for O'Rourke to Cruz	AGAINST	2018-10-26 14:57:36
422	machines	machines are fraud	AGAINST	2018-10-26 14:53:32
423	machines	MACHINES FORCE GOP VOTE	NONE	2018-10-26 14:11:42
424	machines	machines have been flipping from blue to red for years	AGAINST	2018-10-26 14:08:37
425	machines	Votes being changed from Ted Cruz to Beto machines are changing votes	AGAINST	2018-10-26 14:04:25
426	machines	Machines flipping Votes	AGAINST	2018-10-26 13:48:37
427	machines	machines are literally changing Beto votes to Cruz votes	AGAINST	2018-10-26 13:40:21
428	machines	machines are changing Beto votes to Cruz	AGAINST	2018-10-26 02:13:26
429	machines	machines are reported as malfunctioning	AGAINST	2018-10-26 12:46:19
430	machines	machines changed votes	AGAINST	2018-10-26 12:28:44
431	machines	machines change votes from blue to red	AGAINST	2018-10-26 12:27:36
432	machines	machines are flipping votes from Democrat to Republican candidates	AGAINST	2018-10-26 11:07:33
433	machines	machines are actually changing votes	AGAINST	2018-10-26 10:26:28
434	machines	machines are changing votes from Beto to Cruz	AGAINST	2018-10-26 09:57:48
435	machines	machines are changing votes from to Republican	AGAINST	2018-10-26 04:22:17
436	machines	machines are changing votes from to Republican	AGAINST	2018-10-26 04:22:17
437	machines	machines are changing votes from to Republican	AGAINST	2018-10-26 04:22:17
438	machines	machines are changing votes from to Republican	AGAINST	2018-10-26 04:22:17
439	machines	machines are RIGGED to vote for Ted Cruz	AGAINST	2018-10-26 06:18:30
440	machines	machines switching votes Something must be done to ensure elections in Texas	AGAINST	2018-10-26 05:52:37
441	machines	machines are also changing votes from Democrat candidate to Republican candidate	AGAINST	2018-10-26 05:25:28
442	machines	Why pretend this is democracy machines are flipping ballots 2000 debacle	AGAINST	2018-10-26 05:07:18
443	machines	machines flipping ballots	AGAINST	2018-10-26 04:59:22
444	machines	machines were fixed to pick Ted Cruz when you select straight Democrat option Republicans are cheating in Texas Double	AGAINST	2018-10-26 05:02:16
445	machines	machines are flipping votes	AGAINST	2018-10-26 05:02:11
446	machines	machines flipping ballots	AGAINST	2018-10-26 04:59:22
447	machines	Texas voters ask fya paper ballot machines are changing votes from to Republican	AGAINST	2018-10-26 04:40:39
448	machines	Machines are changing votes from Beto to Cruz	AGAINST	2018-10-26 04:31:46
449	machines	machines are changing votes from to Republican	AGAINST	2018-10-26 04:22:17
450	machines	machines have been flipping votes to GOP in Texas	AGAINST	2018-10-26 04:19:20
451	machines	machines are changing votes from Democrat to Republican	AGAINST	2018-10-26 04:12:37
452	machines	machines are changing votes from Democrat to Republican	AGAINST	2018-10-26 04:12:37
453	machines	machines are flipping votes from Democrats to Republicans in Texas and North Carolina	AGAINST	2018-10-26 03:42:23
454	machines	machines change blue ballots to straight Red is glitch	AGAINST	2018-10-26 03:37:38
455	machines	machines have been switching votes in Texas straigh t-t icket	AGAINST	2018-10-26 03:29:16
456	machines	machines changed in Texas	AGAINST	2018-10-26 03:19:09
457	machines	machines won’t do it on vote Texas voters voting straight ticket	FAVOR	2018-10-26 03:14:17
458	machines	machines are changing vote MUST SHARE for voters	AGAINST	2018-10-26 02:50:27
459	machines	Machines changing votes in Texas	AGAINST	2018-10-26 02:37:44
460	machines	machines show you everyone and you cast ballot	NONE	2018-10-26 02:18:29
461	machines	machines are changing Beto votes to Cruz	AGAINST	2018-10-26 02:13:26
462	machines	machines are changing votes from Democratic candidate Beto O'Rourke to GunsOverPeople Ted Cruz	AGAINST	2018-10-26 01:51:33
463	machines	Machines are doing fucky things	AGAINST	2018-10-26 01:15:05
464	machines	machines may change votes	AGAINST	2018-10-25 13:56:33
465	machines	machines let you review ballot before you hit final vote button	AGAINST	2018-10-25 01:16:48
466	machines	double check ballot voter fraud is democrat staple Machines changing votes if voting straight GOP in Texas People	AGAINST	2018-10-24 02:42:56
467	machines	name when voting ticket republican machines do not check Senator Ted Cruzs	AGAINST	2018-10-23 15:12:19
468	machines	machines do not check Senator Ted Cruzs when name voting straight ticket republican	AGAINST	2018-10-23 15:38:58
469	machines	name when voting ticket republican machines do not check Senator Ted Cruzs	AGAINST	2018-10-23 15:12:19
470	machines	machines are manipulated to benefit GOP	AGAINST	2018-10-15 09:14:16
471	machines	machines could be messed knowing are having trouble with machines	AGAINST	2018-10-09 00:01:42
472	machines	Texas voters say machines are changing pick in Cruz-O’Rourke race	AGAINST	2018-10-26 15:37:05
473	machines	Texas Voters Say Machines Are Switching Votes	AGAINST	2018-10-26 22:25:32
474	machines	Texas voters say machines are changing pick in Cruz-O’Rourke race	AGAINST	2018-10-26 15:37:05
475	machines	Texas Voters Say Machines Are Switching Votes	AGAINST	2018-10-26 22:25:32
476	machines	Texas voters say machines are changing pick in Cruz-O’Rourke race	AGAINST	2018-10-26 15:37:05
477	machines	Texas voters say machines are changing pick in Cruz-O’Rourke race	AGAINST	2018-10-26 15:37:05
478	machines	Texas voters say machines are changing pick in Cruz-O’Rourke race	AGAINST	2018-10-26 15:37:05
479	machines	Texas Voters Say Machines Are Switching Votes	AGAINST	2018-10-26 22:25:32
480	machines	Texas voters are complaining machines flipped straigh	AGAINST	2018-10-26 22:10:00
481	machines	Texas voters say machines are changing pick in Cruz-O’Rourke race	AGAINST	2018-10-26 15:37:05
482	machines	Texas voters say machines are changing pick in Cruz-O’Rourke race	AGAINST	2018-10-26 15:37:05
483	machines	Texas voters say machines are changing pick in Cruz-O’Rourke race	AGAINST	2018-10-26 15:37:05
484	machines	folks found themselves staring at screen commemorating alleged support for Ted Cruz instead Texas voters are reporting machines tried to change vote in certain races	AGAINST	2018-10-26 21:20:29
485	machines	TEXAS VOTERS Watch machine to make sure it reads vote correctly	FAVOR	2018-10-26 21:13:55
486	machines	Texas voters say machines are changing pick in Cruz-O’Rourke race	AGAINST	2018-10-26 15:37:05
487	machines	Cruz-O’Rourke race when try to straigh t-t icket vote for fucks sake Texas voters say machines are changing pick in Cruz-O’Rourke race	AGAINST	2018-10-26 19:53:42
488	machines	Texas voters say machines are changing pick in Cruz-O’Rourke race	AGAINST	2018-10-26 15:37:05
489	machines	Texas voters say machines are changing pick in Cruz-O’Rourke race	AGAINST	2018-10-26 15:37:05
490	machines	Texas voters say machines are changing pick in Cruz-O’Rourke race	AGAINST	2018-10-26 15:37:05
491	machines	Texas voters say machines are changing pick in Cruz-O’Rourke race	AGAINST	2018-10-26 15:37:05
492	machines	Cruz-O’Rourke race when try to straigh t-t icket vote SHIT Texas voters say machines are changing pick in Cruz-O’Rourke race	AGAINST	2018-10-26 19:02:12
493	machines	Texas voters say machines are changing pick in Cruz-O’Rourke race	AGAINST	2018-10-26 15:37:05
494	machines	Texas voters say machines are changing pick in Cruz-O’Rourke race	AGAINST	2018-10-26 15:37:05
495	machines	Texas voters say machines are changing pick in Cruz-O’Rourke race	AGAINST	2018-10-26 15:37:05
496	machines	Texas voters say machines are changing pick in Cruz-O’Rourke race	AGAINST	2018-10-26 15:37:05
497	machines	Texas voters say machines are changing pick in Cruz-O’Rourke race	AGAINST	2018-10-26 15:37:05
498	machines	Texas voters say machines are changing pick in Cruz-O’Rourke race	AGAINST	2018-10-26 15:37:05
499	machines	Texas voters say machines are changing pick in Cruz-O’Rourke race	AGAINST	2018-10-26 15:37:05
500	machines	Texas voters say machines are changing pick in Cruz-O’Rourke race	AGAINST	2018-10-26 15:37:05
501	machines	Texas voters say machines are changing pick in Cruz-O’Rourke race	AGAINST	2018-10-26 15:37:05
502	machines	Texas voters say machines are changing pick in Cruz-O’Rourke race	AGAINST	2018-10-26 15:37:05
503	machines	Texas voters say machines are changing pick in Cruz-O’Rourke race	AGAINST	2018-10-26 15:37:05
504	machines	Texas voters say machines are changing pick in Cruz-O’Rourke race	AGAINST	2018-10-26 15:37:05
505	machines	Texas voters say machines are changing pick in Cruz-O’Rourke race	AGAINST	2018-10-26 15:37:05
506	machines	when try to straigh t-t icket votes Texas voters say machines are changing pick of Cruz to Beto O’Rourke D	AGAINST	2018-10-26 17:09:30
507	machines	Texas voters say ballots are being flipped by electronic machines	AGAINST	2018-10-26 17:09:19
508	machines	Texas voters say machines are changing pick in Cruz-O’Rourke race	AGAINST	2018-10-26 15:37:05
509	machines	Texas voters say machines are changing pick in Cruz-O’Rourke race	AGAINST	2018-10-26 15:37:05
510	machines	Texas voters say machines are changing pick in Cruz-O’Rourke race	AGAINST	2018-10-26 15:37:05
511	machines	Texas voters say machines are changing pick in Cruz-O’Rourke race	AGAINST	2018-10-26 15:37:05
512	machines	Texas voters say machines are changing pick in Cruz-O’Rourke race	AGAINST	2018-10-26 15:37:05
513	machines	Texas voters say machines are changing pick in Cruz-O’Rourke race	AGAINST	2018-10-26 15:37:05
514	machines	Texas voters say machines are changing pick in Cruz-O’Rourke race	AGAINST	2018-10-26 15:37:05
515	machines	machine will change it to Ted Cruz Texas voters PLEASE read thread	AGAINST	2018-10-26 15:03:55
516	machines	TEXAS voters are noticing that voting machines are CHANGING VOTES	AGAINST	2018-10-26 14:55:46
517	machines	Texas voters should be aware voting machines are changing Beto O'Rourke votes to Ted Cruz votes	AGAINST	2018-10-26 14:42:25
518	machines	Texas voters have encountered glitches with machines while trying to cast ballot	AGAINST	2018-10-26 00:34:35
519	machines	Texas voters beware do cast vote unless chicken what machine does election isnow if he wins fraud	AGAINST	2018-10-25 23:32:38
520	machines	Why Are Texas Voting Machines Switching Democratic Votes to Ted Cruz	AGAINST	2018-10-26 21:43:40
521	machines	Georgia recording wrong vote Why are voting machines in Texas	NONE	2018-10-26 23:40:24
522	machines	Why Are Texas Voting Machines Switching Democratic Votes to Ted Cruz	AGAINST	2018-10-26 21:43:40
523	machines	Why Are Texas Voting Machines Switching Democratic Votes to Ted Cruz	AGAINST	2018-10-26 21:43:40
524	machines	VoterFraud Why are machines when voters are voting for Dems marking ballots for candidates	NONE	2018-10-26 22:16:29
525	machines	Why Are Texas Voting Machines	NONE	2018-10-26 22:10:22
526	machines	Why are voting machines	NONE	2018-10-26 21:49:29
527	machines	Why Are Texas Voting Machines Switching Democratic Votes to Ted Cruz	AGAINST	2018-10-26 21:43:40
528	machines	Why Are Texas Voting Machines Switching Democratic Votes to Ted Cruz	AGAINST	2018-10-26 21:43:40
529	machines	Why are Texas voting machines switching Democratic votes to Ted Cruz	AGAINST	2018-10-26 18:40:05
530	machines	Why would Texas fix known machine prob	AGAINST	2018-10-26 18:27:40
531	machines	Why aren’t you reporting about Texas voting machines switching votes when straight ticket is pulled	AGAINST	2018-10-26 12:27:37
532	machines	Why don't you lead charge to trash banned electronic machines in Texas	AGAINST	2018-10-26 12:07:42
533	machines	WHY ARE WE STILL USING SOROS VOTING MACHINES IN TEXAS	AGAINST	2018-10-23 13:10:23
534	machines	Why are Texans voting paperless when machines can be compromised by hackers	AGAINST	2018-10-17 17:47:07
535	machines	Why are Republicans purging hundreds of thousands of voters in Florida and Texas	NONE	2018-10-09 23:19:05
536	machines	Why are Republicans purging hundreds of thousands of voters in Florida and Texas	NONE	2018-10-09 23:19:05
537	machines	Why are Republicans purging hundreds of thousands of voters in Florida and Texas	NONE	2018-10-09 23:19:05
538	machines	Why won't Trump admin spend needed money on election security Why are Republicans purging hundreds of thousands of voters in Florida y Texas	NONE	2018-10-09 23:54:34
539	machines	Why are Republicans purging hundreds of thousands of voters in Florida and Texas	NONE	2018-10-09 23:19:05
540	machines	what can we do about electronic machines in Texas that flip ballots	AGAINST	2018-10-26 17:16:30
541	machines	What do you do voting machines are changing vote	AGAINST	2018-10-26 16:26:29
542	machines	What is going to be done about vote flipping that is occurring in Georgia Texas and North Carolina didn’t we have paper ballots knowing that machines could be tampered with hyperbole	AGAINST	2018-10-26 03:06:58
543	machines	What are you doing to protect voters voters who are still under attack by GOP/Russia	NONE	2018-10-07 19:20:59
544	machines	What is status of Texas	NONE	2018-10-06 03:40:01
545	machines	Texas election officials warn voters voters who choose straight ticket about Hart eSlate voting machines	NONE	2018-10-26 20:30:21
546	machines	How do we build more perfect union how can we have fair elections in state & Texas when voters are reporting voting machines switching votes	AGAINST	2018-10-26 22:05:56
547	machines	How does work How are Texas voting machines giving Cruz senate vote on democratic ballot	AGAINST	2018-10-26 18:27:34
548	machines	How are machines still in use description put by TX Sec State’s office of how sounds complicated and prone to error to use machines	AGAINST	2018-10-26 17:10:28
549	machines	How did you get machines in Texas to change Beto votes to Cruz votes	AGAINST	2018-10-26 16:46:13
550	machines	problems voting by str8 democratic ticket lever How do u feel about Texas senate race now	AGAINST	2018-10-26 00:33:04
551	machines	How are machines	NONE	2018-10-13 22:17:22
552	machines	how are voting machines and tallying computers in Texas	AGAINST	2018-10-03 18:39:05
553	machines	votes are being changed in Texas by voting machines bc and corruption us out in open now	AGAINST	2018-10-26 23:36:00
554	machines	Votes are changing from Beto to Ted	AGAINST	2018-10-26 22:41:56
555	machines	votes are being changed to Cruz	NONE	2018-10-26 22:02:49
556	machines	votes being switched DURING PROCESS Vote manipulation reports are trickling in from early voting in Texas	AGAINST	2018-10-26 19:57:30
557	machines	votes going for changing to votes for Kemp voters noticed votes for change to votes for Cruz	AGAINST	2018-10-26 19:31:41
558	machines	votes becoming GOP votes after voting for Dem candidate Funky stuff being reported w/ machines in & Texas	AGAINST	2018-10-26 16:29:10
559	machines	Voter fraud is happening in Texas votes are being counted as votes by machines	AGAINST	2018-10-26 14:05:03
560	machines	votes being changed from Beto to Cruz	NONE	2018-10-26 05:35:06
561	machines	votes are being altered by rogue software in machines	AGAINST	2018-10-26 05:03:31
562	machines	voters are watching electronic machine	NONE	2018-10-26 22:35:40
563	machines	Voters report changing straight-party selections Voters MUST DOUBLE CHECK BEFORE CASTING FINAL BALLOT	AGAINST	2018-10-26 21:31:52
564	machines	Voters reporting that machines are erroneously to include candidate from opposite party or selecting candidate at on section for state's U.S. Senate race changing straight-party selections on ballots	AGAINST	2018-10-26 20:41:02
565	machines	Texas Secretary issued election advisory about issues Voters should always check review screen before casting ballots	FAVOR	2018-10-26 20:33:27
566	machines	Voters are reporting voting machines are selecting Ted Cruz instead of Beto O'Rourke when they choose Straight Ticket	AGAINST	2018-10-26 20:02:05
567	machines	voters have complained that they encountered difficulty voting and that vote was de-selected in cases in U.S. Senate race	AGAINST	2018-10-26 16:14:47
568	machines	exact problem is occurring in Texas Voters make selections on ballot	NONE	2018-10-26 14:53:30
569	machines	option coming out of and Texas Voters had to redo ballot	NONE	2018-10-26 06:13:56
570	machines	voters are reporting problems with machine	NONE	2018-10-26 04:39:44
571	machines	Voters have reported that machines are changing votes	AGAINST	2018-10-26 04:09:40
572	machines	voters were told to come back tomorrow	NONE	2018-10-22 23:53:51
573	machines	people are reporting errors/inaccuracies from voting machines across Texas	AGAINST	2018-10-26 22:42:48
574	machines	People please ask for paper ballot	NONE	2018-10-26 21:03:43
575	machines	people are tweeting machines are flipping straight blue ballots to red/Cruz in Texas Kemp vs Abrahams	AGAINST	2018-10-26 15:05:11
576	machines	people are saying they vote for Beto vote gets flipped to Cruz	AGAINST	2018-10-26 14:00:37
577	machines	People are voting with feet	NONE	2018-10-26 12:30:25
578	machines	people have been eeriencing vote flip from straight Democrat to Ted Cruz everyone has to look at review page on machine	AGAINST	2018-10-26 10:43:35
579	machines	people have noticed that vote gets changed to Cruz	NONE	2018-10-26 04:34:24
580	machines	people voting R on Hart InterCivic machines in and Montgomery County TX	FAVOR	2018-10-25 21:46:53
581	machines	people voting straight Dem ticket said Beto O'Rourke switched over to Ted Cruz on straight ticket	AGAINST	2018-10-25 18:55:39
582	machines	People listen to warning of voting machine problems	NONE	2018-10-23 16:38:45
583	machines	People are reporting machines are not allowing them to choose Cruz	NONE	2018-10-23 14:59:56
584	machines	machine might have made me vote for Cruz	AGAINST	2018-10-26 23:06:35
585	machines	machine is automatically changing vote for Senator to Ted Cruz	AGAINST	2018-10-26 16:39:14
586	machines	machine shows that they have voted for Republican gubernatorial candidate instead	NONE	2018-10-26 08:54:28
587	machines	machine transferred straigh t-t icket Democratic vote for Beto O'Rourke to Ted Cruz	AGAINST	2018-10-26 07:17:34
588	machines	paper ballot where can triple check vote before submitting votes into separate machine machine let you cast votes	AGAINST	2018-10-26 04:02:50
589	machines	vote is being changed to Ted Cruz when selecting Democratic Ticket	AGAINST	2018-10-26 14:29:41
590	machines	ballot machines when post votes When voting Republican ticket	AGAINST	2018-10-23 02:27:13
591	machines	Trump says polls are fake news when don’t favor candidates	FAVOR	2018-10-12 14:10:34
592	machines	When voting Republican presidential vote	NONE	2018-10-11 00:28:32
593	machines	Who owns machines in Texas	NONE	2018-10-26 22:25:04
594	machines	who was recently told he looked like Brett Kavanaugh in Texas smashing voting machines later today	AGAINST	2018-10-26 15:56:47
595	machines	Republicans need to prevent voter fraud is access to means of voting so they can't meddle with registrations	NONE	2018-10-26 23:43:15
596	machines	REPUBLICANS ARE RIGGING ELECTION	NONE	2018-10-26 22:46:07
597	machines	Republicans cannot win fair election	NONE	2018-10-26 21:13:10
598	machines	REPUBLICANS ARE CHEATING IN TEXAS BY RIGGING MACHINES TO SWITCH DEMOCRATIC VOTES TO REPUBLICAN	AGAINST	2018-10-26 17:03:23
599	machines	GOP has been cheating big time in Texas Someone needs to stand outside and tell people to double check machine choices prior to hitting vote button especially voting ticket	AGAINST	2018-10-26 20:44:01
600	machines	GOP is stealing election under noses	NONE	2018-10-26 13:00:00
601	machines	e machines may change vote from to Cruz Double check ballot	AGAINST	2018-10-26 20:26:41
602	machines	Double Check Ballots Clear Evidence of Rigged Voting Machines And if are voting in Texas is Surfacing And in Texas	AGAINST	2018-10-26 16:36:18
603	machines	Texans Say Voting Machines Changing Straigh icket Choices TX TEXAS	AGAINST	2018-10-26 22:22:48
604	machines	Texans say voting machines changing straigh t-t icket choices votersuppression texas Midterms2018	AGAINST	2018-10-26 22:04:12
605	machines	Texans say voting machines changing straigh t-t icket choices Texas	AGAINST	2018-10-26 21:41:20
606	machines	LINES ARE SMALL COMPARED TO LINES IN AUSTIN TEXAS Texans say voting machines changing straigh t-t icket choices	AGAINST	2018-10-26 19:32:02
607	machines	Texans say voting machines changing straigh t-t icket choices	AGAINST	2018-10-26 17:37:43
608	machines	state has been using hacked voting machines for years	AGAINST	2018-10-26 20:40:27
609	machines	vote was changed from Beto to Cruz	NONE	2018-10-26 14:38:44
610	machines	vote might have been changed to Cruz	NONE	2018-10-26 14:17:12
611	machines	elections are 1% margin Vote tampering underway in Texas now	AGAINST	2018-10-26 04:44:21
612	machines	Ted Cruz is doing half-assed job	AGAINST	2018-10-26 23:54:59
613	machines	Ted Cruz is stealing votes from Beto in Texas	AGAINST	2018-10-26 13:32:24
614	machines	you straight party vote for Democrat then ted cruz get vote if repugnant-con cruz gets vote	AGAINST	2018-10-26 10:09:59
615	machines	Ted Cruz is not registering on straight republican ticket	AGAINST	2018-10-25 00:49:10
616	machines	% control VOTING MACHINES NOTE TED CRUZ must NOT belittle STRENGTH of BETO	AGAINST	2018-10-19 23:23:34
617	machines	Texas elections director issues eSlate voting machines warning	NONE	2018-10-26 02:43:49
618	machines	Texas elections director issues eSlate voting machines warning	NONE	2018-10-26 02:43:49
619	machines	Texas elections director issues eSlate voting machines warning	NONE	2018-10-26 02:43:49
620	machines	Texas elections director issues eSlate voting machines warning	NONE	2018-10-26 02:43:49
621	machines	Texas elections director issues eSlate voting machines warning	NONE	2018-10-26 02:43:49
622	machines	Texas elections director issues eSlate voting machines warning	NONE	2018-10-26 02:43:49
623	machines	Texas Senate race was disrupted by reports of disturbing voting machine behavior	AGAINST	2018-10-26 23:29:50
624	machines	Texas Senate race was disrupted by reports of disturbing machine behavior	AGAINST	2018-10-26 21:34:06
625	machines	Texas Senate race was disrupted by reports of disturbing machine behavior	AGAINST	2018-10-26 21:34:06
626	machines	Texas Senate race was disrupted by reports of disturbing voting machine behavior	AGAINST	2018-10-26 23:29:50
627	machines	Texas Senate race was disrupted by reports of disturbing machine behavior	AGAINST	2018-10-26 21:34:06
628	machines	Texas Senate race was disrupted by reports of disturbing machine behavior	AGAINST	2018-10-26 21:34:06
629	machines	Texas Secretary Vote Flipping with Electronic	NONE	2018-10-25 19:36:12
630	machines	Texas Secretary Vote Flipping with Electronic	AGAINST	2018-10-25 19:36:12
631	machines	everyone should do that before submitting vote electronic machines are not switching votes	AGAINST	2018-10-26 11:38:56
632	machines	Texas officials have said is issue	AGAINST	2018-10-26 22:57:46
633	machines	Texas officials called problem operational error	NONE	2018-10-26 21:38:57
634	machines	election officials have shrugged shoulders Texas officials called problem operational error	NONE	2018-10-26 21:19:00
635	machines	Beto vote may change to Cruz Texas officials have acknowledge quirk with machines	AGAINST	2018-10-26 04:15:45
636	machines	Texas officials have acknowledge voting machines are changing straight ticket voters from Beto votes to Cruz right before submission	AGAINST	2018-10-26 04:10:45
637	machines	Democrats are trying best to cheat with rigged machines in Texas	AGAINST	2018-10-26 20:41:36
638	machines	Other democrats have been arrested and voting machines when vote chose Cruz Democrats are committing voter fraud in Texas	AGAINST	2018-10-23 12:41:49
639	machines	Democrats aren’t original Democrat Party Gov Abbott had mess on hands	AGAINST	2018-10-12 05:33:15
640	machines	Beto is moron Texas Dems Caught In Voting App Scam	AGAINST	2018-10-22 19:43:20
641	machines	100 % control VOTING MACHINES 3RD FL COURT HOUSE	NONE	2018-10-20 00:30:21
642	machines	Texas voter casts Straight Ticket ballot	AGAINST	2018-10-26 22:11:54
643	machines	Texas voter casts Straight Ticket ballot	AGAINST	2018-10-26 22:11:54
644	machines	Texas voter casts Straight Ticket ballot	AGAINST	2018-10-26 22:11:54
645	machines	Voters report changing straight-party selections	NONE	2018-10-26 15:51:09
646	machines	Voters report changing straight-party selections	NONE	2018-10-26 15:51:09
647	machines	Voters report changing straight-party selections	NONE	2018-10-26 15:51:09
648	machines	Bexar uses ES&S ivotronic 350 precincts voted in Texas Dist	NONE	2018-10-17 05:11:20
649	machines	PAPERLESS touchscreen voting machines	FAVOR	2018-10-17 05:11:20
650	machines	Bexar uses ES&S ivotronic 350 precincts voted in Texas Dist	AGAINST	2018-10-17 05:11:20
651	machines	PAPERLESS touchscreen voting machines	FAVOR	2018-10-17 05:11:20
652	machines	Bexar uses ES&S ivotronic PAPERLESS 350 precincts voted in Texas Dist	FAVOR	2018-10-14 23:54:28
653	machines	touchscreen voting machines	FAVOR	2018-10-14 23:54:28
654	machines	ES&S ivotronic PAPERLESS touchscreen voting machines 350 precincts voted in Texas Dist	AGAINST	2018-10-14 16:34:29
655	machines	voter selects straight ticket	NONE	2018-10-26 01:58:40
656	machines	Voter purges happen in states run by Republicans	NONE	2018-10-14 16:37:54
657	machines	Reports coming out of Texas of machines	AGAINST	2018-10-26 09:16:24
658	machines	REPORTS ARE GOING OUT THAT POLLS ARE SWITCHING AUTOMATICALLY TO TED CRUZ	NONE	2018-10-26 00:38:06
659	machines	Someone needs to tell this to crooked dudes in Georgia and Texas cuz voting machines have definitely been tampered with by Republicans	AGAINST	2018-10-26 06:18:25
660	machines	electronic machines have been rigged to change vote from to Cruz	AGAINST	2018-10-26 17:41:39
661	machines	electronic machines are changing Dem party votes to Ted Cruz	AGAINST	2018-10-26 16:36:19
662	machines	name when voting straight ticket republican	NONE	2018-10-23 15:10:34
663	machines	name when voting ticket republican	NONE	2018-10-23 15:10:34
664	machines	counties r votes	NONE	2018-10-26 23:52:31
665	machines	counties r votes	NONE	2018-10-26 23:52:31
666	machines	Folks voting ticket	NONE	2018-10-26 22:12:25
667	machines	Straight ticket voting goes away in Texas	NONE	2018-10-26 21:35:46
668	machines	where are voting machines with keyboard configuration	NONE	2018-10-26 21:33:06
669	machines	Dems are already fudging electronic machines in Texas	AGAINST	2018-10-26 14:48:04
670	machines	Dems are silent over & Texas	NONE	2018-10-10 13:52:10
671	machines	Many machines WILL change votes to Republican	AGAINST	2018-10-26 02:28:15
672	machines	Texas | Texans say voting machines changing straigh t-t icket choices	AGAINST	2018-10-26 23:48:52
673	machines	Texas | Texans say voting machines changing straigh t-t icket choices	AGAINST	2018-10-26 23:48:52
674	machines	Straight Party Voting Machines Changing Ticket In Texas	AGAINST	2018-10-26 19:20:06
675	machines	Straight Party Voting Machines Changing Ticket In Texas	AGAINST	2018-10-26 19:20:06
676	machines	Texas Sec said that voting machines bad UX affects democracy	AGAINST	2018-10-26 23:22:48
677	machines	Texas Sec knew of machines votes	AGAINST	2018-10-26 22:08:16
678	machines	GOP candidate when tried to mark ballot for Democrats Texas machines marked GOP candidate	AGAINST	2018-10-24 04:56:39
679	machines	Florida is having issues with machines	NONE	2018-10-26 22:18:23
680	machines	Florida have rampant voter fraud screen voting machines in 16 states	NONE	2018-10-24 00:06:28
681	machines	number have report problems with certain type of voting machine in Texas	AGAINST	2018-10-26 01:00:07
682	machines	Polling stations closed in Wisconsin Mississippi Kansas Gerrymandering like Austin Texas dividing town into 5 different Republican Congressional District Lost ballets yesterday in news	AGAINST	2018-10-25 14:13:52
683	machines	Electronic Voting Machines	NONE	2018-10-25 20:06:42
684	machines	Ppl are already noticing votes have been changed they vote Democrat Ppl voting in beware	AGAINST	2018-10-26 17:29:23
685	machines	Beto O'Rourke votes are being changed to Ted Cruz	AGAINST	2018-10-26 15:23:42
686	machines	Beto O'Rourke votes are being changed to Ted Cruz	AGAINST	2018-10-26 15:23:42
687	machines	one should meddle in elections	NONE	2018-10-26 15:55:41
688	machines	Stan Stanart is county Clerk Harris County Texas voting machines are changing votes from Beto to Cruz	AGAINST	2018-10-26 13:41:05
689	machines	Harris county Texas voting machines are changing Beto votes to Cruz votes	AGAINST	2018-10-26 13:06:40
690	machines	list has complete list of HART voting machines that are changing votes from straight ticket to Ted Cruz	AGAINST	2018-10-26 13:18:14
691	machines	camp circulated email warning about glitches with voting machines in TEXAS counties in particular Pro tip	FAVOR	2018-10-26 12:50:37
692	machines	places are shut in important places Many state voting machines are converting straight ticket blue voters apply to Republican candidates	AGAINST	2018-10-26 12:15:59
693	machines	votes when voting party Democratic ticket MUST SHARE for voters thread	FAVOR	2018-10-26 03:11:02
694	machines	Texas ATTORNEY GENERAL CONFIRMS voting machine	AGAINST	2018-10-25 16:32:17
695	machines	hackable flippable untracible banned electronic machines Nobody gets vote	NONE	2018-10-24 12:24:28
696	machines	DNC bused ppl vote out of district also Nobody buys suppression BS	NONE	2018-10-12 04:32:06
697	machines	control HOUSE INDE VOTING MACHINES	AGAINST	2018-10-20 08:33:38
698	machines	SUCCESS RECRUIT 800000 EL PASOAN % control VOTING MACHINES	AGAINST	2018-10-19 22:42:30
699	machines	Arlington Texas voting machines rigged for Clintons woman	AGAINST	2018-10-08 11:53:38
700	machines	Arlington Texas voting machines rigged for Clintons woman	AGAINST	2018-10-08 11:53:38
701	machines	vote totals are about as eected in Texas	NONE	2018-10-26 23:58:55
702	machines	main story is that voting machines in Texas	FAVOR	2018-10-26 23:55:46
703	machines	developments voting machines	FAVOR	2018-10-26 23:47:04
704	machines	Georgia voters have reported votes for Stacey Abrams have changed to Brian Kemp in counties	AGAINST	2018-10-26 23:29:29
705	machines	DAMNED GOP IS COMMITTING VOTER FRAUD	NONE	2018-10-26 23:20:31
706	machines	Rachel please look into Texas voting machines that are changing democratic ticket votes to vote for Cruz	AGAINST	2018-10-26 23:17:33
707	machines	Texas SOS must isolate Straight Party Ticket	AGAINST	2018-10-26 23:10:44
708	machines	Texas News Agencies are reporting that has been problem with machines when someone votes straight party ticket	AGAINST	2018-10-26 23:07:18
709	machines	Title should be like Texas voting machines continue to fuck votes despite years of complaints	AGAINST	2018-10-26 23:06:03
710	machines	third source voting machines	AGAINST	2018-10-26 23:04:06
711	machines	Texas Democratic voters please look over ballot before you cast vote	NONE	2018-10-26 22:58:29
712	machines	Thread detailing Texas voting machines changing votes from Beto to Ctuz	AGAINST	2018-10-26 22:50:52
713	machines	Ali please talk about machines in Texas hanging votes to Ted Cruz	AGAINST	2018-10-26 22:32:51
714	machines	candidates change to GOP at machine	NONE	2018-10-26 22:29:31
715	machines	Rumor has it that machines in Texas are changing ballots to Ted Cruz	AGAINST	2018-10-26 22:28:44
716	machines	Complaints are coming in from Texas votes are being changed to might want to investigate Ted for hacking voting machines again	AGAINST	2018-10-26 22:27:59
717	machines	Fraudulent Texas voting machines	AGAINST	2018-10-26 22:27:26
718	machines	Texas Republicans rig voting machines	AGAINST	2018-10-26 22:14:39
719	machines	Beto votes going to Cruz	NONE	2018-10-26 22:04:19
720	machines	What company manufactured machines used in Texas	NONE	2018-10-26 22:01:01
721	machines	Texas Senaterace was disrupted by reports of disturbing voting machine behavior BetoO'Rourke	AGAINST	2018-10-26 21:47:12
722	machines	Iur votes need to be re-counted by hand	NONE	2018-10-26 21:43:41
723	machines	old machines changing straight party Democrat to include Ted Cruz	AGAINST	2018-10-26 21:28:10
724	machines	official instructions voting machines don't warn voters to avoid glitch	FAVOR	2018-10-26 21:20:24
725	machines	familiesbelongtogetherAndFREE Familia migranteshondurenos Votar scrambles to mobilize voters in Texas	NONE	2018-10-26 20:53:18
726	machines	texas's voting machines aren't touch screens	AGAINST	2018-10-26 20:26:17
727	machines	Blue districts are inelicable turning red using machines	AGAINST	2018-10-26 20:08:20
728	machines	Democratic ticket includes vote for Ted Cruz for Senator Texas Secy says voting machines	AGAINST	2018-10-26 19:32:36
729	machines	Machine Malfunction Changing O’Rourke Votes To Cruz BREAKING IS there END to VIOLATION of VOTE	AGAINST	2018-10-26 19:20:22
730	machines	electoral law allows you to REQUEST PAPER ballot	AGAINST	2018-10-26 18:05:41
731	machines	Texas Malfunction switches votes	NONE	2018-10-26 17:28:30
732	machines	Something hinky going with machines in Texas	AGAINST	2018-10-26 17:25:16
733	machines	Hart eSlate voting machines	FAVOR	2018-10-26 16:14:44
734	machines	Texas votes are being switch at machines	AGAINST	2018-10-26 16:13:53
735	machines	dumb Fisher-Price looking voting machines are screwing like usual	AGAINST	2018-10-26 16:10:57
736	machines	Texas issue is about machine works on straight party vote	AGAINST	2018-10-26 15:12:03
737	machines	Straight D ballots are checking Ted Cruz as Senate pick	AGAINST	2018-10-26 14:31:16
738	machines	Texas Attorney General Ken Paxton issued alert that machines are changing selections when you vote straight ticket	AGAINST	2018-10-26 14:24:37
739	machines	PUNCH VOTING MACHINES IN TEXAS GOP VOTER FRAUD VOTERS MARKING DEMOCRATIC TICKET OPTION	NONE	2018-10-26 14:07:38
740	machines	blue votes are being changed to red votes by corrupted electronic machines	AGAINST	2018-10-26 12:09:47
741	machines	Soros brand voting machines in use in Texas	AGAINST	2018-10-26 11:57:29
742	machines	GA SOS trying to commit authoritarian voter fraud	NONE	2018-10-26 10:19:33
743	machines	faulty machines being manipulated by Republicans in Texas	AGAINST	2018-10-26 07:20:04
744	machines	votes cast are changing to Repub VOTINGMACHINESCOMPROMISED	NONE	2018-10-26 05:57:24
745	machines	malfunction can lead to straigh t-t icket Democratic voters casting ballot for Sen. Ted Cruz Republican ABC13 Houston reported that Texas Secretary of State & election	AGAINST	2018-10-26 05:08:29
746	machines	Example voting machine in Texas	AGAINST	2018-10-26 05:04:33
747	machines	BLACK ABSENTEE VOTERS HARASSED WAVE BLUE RED SLAVE MACHINES TEXAS GA BLOCKED VOTE	AGAINST	2018-10-26 04:27:23
748	machines	HTl Tl Electronic Voting Machines	NONE	2018-10-26 04:08:27
749	machines	QT is reply to bigger thread about Texas voting machines changing voter selections	AGAINST	2018-10-26 03:51:18
750	machines	TexasVotes BetoORourke Texas voting machines	NONE	2018-10-26 03:49:27
751	machines	rights group is warning Texans to double check ballots	NONE	2018-10-26 03:13:32
752	machines	VotingMatters voting machines	FAVOR	2018-10-26 03:10:36
753	machines	old Hart eSlate machines are crap	NONE	2018-10-26 02:11:22
754	machines	republican voting machine manipulations in houston texas	AGAINST	2018-10-26 02:07:02
755	machines	Democrat Ted Cruz is getting credit for vote	AGAINST	2018-10-26 01:07:35
756	machines	democrat changes vote to Cruise	AGAINST	2018-10-25 23:13:15
757	machines	Light might not be tabulating vote for Ted	AGAINST	2018-10-25 22:37:39
758	machines	HOUSTON TEXAS VOTING IRREGULARITIES AT MACHINES	AGAINST	2018-10-25 14:56:41
759	machines	Rare election advisory issued by Texas Secretary of State because possible voting machine issues	AGAINST	2018-10-25 14:44:15
760	machines	confidence voting process	NONE	2018-10-24 15:10:44
761	machines	IllegalAliens will vote Democrat	AGAINST	2018-10-24 06:09:17
762	machines	Rep votes are being switch to Dem	NONE	2018-10-24 01:42:35
763	machines	touch screen voting machines	AGAINST	2018-10-23 13:59:37
764	machines	Tweets said Straight ticket voting omitted Senator Cruz check mark	AGAINST	2018-10-23 00:53:08
765	machines	Texas where can’t use paper ballot Bush jr passed law in Texas if they have voting machines	FAVOR	2018-10-21 16:56:24
766	machines	Voter suppression tactics reported in North Carolina Texas	AGAINST	2018-10-17 17:05:54
767	machines	Eg EL PASO TX DEM BRIBED SECRETARY STATE ROMNEY GOOD POLLS lost to DIC OBAMA declare CONTROL ELECTION MACHINES	AGAINST	2018-10-16 03:03:32
768	machines	3RD FL COURT HOUSE VOTING CENTRE DEM	NONE	2018-10-16 03:03:32
769	machines	CONTROL VOTING MACHINES	AGAINST	2018-10-16 03:03:32
770	machines	hackable ES&S ivotronic touchscreen voting machines	FAVOR	2018-10-14 20:05:40
771	machines	GOP FOOLS believe MUCH in POLLS POSSIBILITY may LOST ELECTIONS	NONE	2018-10-13 00:26:09
772	machines	States using PVMs AR DE IN KS KY Paperless voting machine	NONE	2018-10-12 15:26:12
773	machines	hackable untraceable banned electronic machines	AGAINST	2018-10-12 11:57:43
774	machines	Certain areas having problems with machines	AGAINST	2018-10-12 00:15:39
775	machines	BETO OWN VOTING MACHINES	NONE	2018-10-11 23:51:41
776	machines	ted poo is toast or Putin owned Republican machines are already counted and certified by Republican AG of Texas	AGAINST	2018-10-11 21:11:27
777	machines	hackable untracible banned electronic machines	AGAINST	2018-10-10 11:13:53
778	machines	Pennsylvania elections are at risk MorningJoe should focus on voter suppression & election	NONE	2018-10-09 10:47:26
779	machines	Arline Texas voting machines rigged for Clintons woman	AGAINST	2018-10-08 11:52:59
780	machines	Liberal Democrat city divided into 5 Gerrymandered Republican district's HART owned by Republicans and dont forget Austin Texas	AGAINST	2018-10-05 23:09:35
781	machines	One street divided into 4 Republican Congressional Districts	NONE	2018-10-05 01:14:22
782	machines	ILLEGAL NON-CITIZENS will be in force with FAKE IDS VOTING in Country close eye has to be kept on FRAUDULENT VOTING in Texas from Democratic Party	AGAINST	2018-10-02 22:30:31